Date,Title,Price
2023-06-06,‎Coloplast Coloplast 2650 Coloplast Paste(PACK OF 1),734
Date,Title,Price
Date,Title,Price
2023-06-06,‎Coloplast Coloplast 2650 Coloplast Paste(PACK OF 1),734
2023-06-06,‎Coloplast Coloplast 2650 Coloplast Paste(PACK OF 1),734
2023-06-06,‎Coloplast Coloplast 2650 Coloplast Paste(PACK OF 1),734
2023-06-06,‎Coloplast Coloplast 2650 Coloplast Paste(PACK OF 1),734
2023-06-06,‎Coloplast Coloplast 2650 Coloplast Paste(PACK OF 1),734
2023-06-06,‎Coloplast Coloplast 2650 Coloplast Paste(PACK OF 1),734
2023-06-06,‎Coloplast Coloplast 2650 Coloplast Paste(PACK OF 1),734
2023-06-06,‎Coloplast Coloplast 2650 Coloplast Paste(PACK OF 1),734
2023-06-06,‎Coloplast Coloplast 2650 Coloplast Paste(PACK OF 1),734
